OBJECTID,HELCOM_ID,Country,Year,Spill_ID,Latitude,Longitude,Length__km,Width__km_,Area__km2_,Spill_cat,EstimVol_m3,Vol_Category,Polluter,Date,Time_UTC,x,y,Wind_speed,Wind_direc,FlightType,Remarks,Type_Substance
1003,4560,Sweden,2015,SE-83,63.51916667,19.789833,1.7,0.09,0.153,Oil,0.286,2.0,Ship,1446768000000,-2209117500000,2202994.1323999986,9228699.0541,,,,,
1004,4559,Sweden,2015,SE-60,57.733333333333334,11.666666666666666,5.5,0.2,1.1,Oil,0.1997,2.0,Unknown,1438905600000,-2209122000000,1298727.3927000016,7911506.584899999,,,,,
1005,4558,Sweden,2015,SE-81,58.61666,17.25,0.7,0.3,0.21,Oil,0.182,2.0,Unknown,1446163200000,-2209106100000,1920261.2162000015,8097989.686700001,,,,,
1006,4557,Sweden,2015,DK-23,56.183,12.4935,1.1,0.1,0.11,Oil,0.16511,2.0,Unknown,1432857600000,-2209111680000,1390770.0582999997,7594932.368100002,20,223.0,,,
1007,4556,Sweden,2015,FI/SE-3,59.925,19.42778,69.68,15.25,1.179,Oil,0.15,2.0,Ship,1432598400000,-2209116600000,2162690.5769000016,8383058.862099998,,,,,
1008,4555,Sweden,2015,SE-07,55.49666666666667,14.696666666666667,4.25,0.05,0.2125,Oil,0.085,1.0,Unknown,1424908800000,-2209115400000,1636025.4497000016,7458861.847499996,,,,,
1009,4554,Sweden,2015,DK-12,55.11333,13.3,1.6,0.4,0.64,Oil,0.036,1.0,Unknown,1428451200000,-2209117560000,1480549.2276000008,7383892.2946000025,,,,,
101,5462,Germany,2021,GE-04/DK-12,54.9275,13.3778,3.3,0.5,1.65,Oil,0.041256,1.0,Unknown,1628121600000,-2209127100000,1489209.8839000016,7347808.0361,10,60.0,N,SHEEN  - NOT COMBATABLE,
1011,4552,Sweden,2015,SE-18,55.9765,12.6761666666667,0.15,0.15,0.0225,Oil,0.0225,1.0,Unknown,1430006400000,-2209128000000,1411104.4186000004,7553738.892499998,,,,,
1012,4551,Sweden,2015,SE-08,60.87166666666667,19.206666666666667,1.6,0.38,0.608,Oil,0.015,1.0,Unknown,1426464000000,-2209131600000,2138076.3532,8596415.311399996,,,,,
1013,4550,Sweden,2015,DK-17,55.13516666666666,13.267,0.6,0.3,0.18,Oil,0.00648,1.0,Unknown,1431302400000,-2209117560000,1476875.6843000017,7388143.522500001,,,N, ,
1014,4549,Sweden,2015,SE-76,59.388666,18.32666,1.2,0.005,0.006,Oil,0.0041,1.0,Ship,1444780800000,-2209129800000,2040114.4591999985,8264870.972099997,,,,,
1015,4548,Sweden,2015,SE-86,59.1295,18.411166666666666,0.65,0.02,0.013000000000000001,Oil,0.003,1.0,Unknown,1447459200000,-2209125300000,2049521.6983000003,8208429.604800001,,,,Mineraloil,
1016,4547,Sweden,2015,SE-52,59.7547,19.0935,0.22,0.18,0.0396,Oil,0.0021,1.0,Unknown,1436486400000,-2209112280000,2125478.6974,8345325.877300002,,,,,
1017,4546,Sweden,2015,SE-13,59.385,18.416833333333333,2.0,0.01,0.02,Oil,0.0021,1.0,Ship,1428883200000,-2209116000000,2050152.5086000003,8264069.5858,,,,,
1018,4545,Sweden,2015,SE-59,55.590666666666664,12.924666666666667,0.02,0.01,0.0002,Oil,0.001,1.0,Ship,1438300800000,-2209110600000,1438767.3121000007,7477356.8024,,,,,
1019,4544,Sweden,2015,SE-38,59.721666666666664,19.068833333333334,0.35,0.1,0.034999999999999996,Oil,0.001,1.0,Ship,1433289600000,-2209130700000,2122732.8167000003,8338029.0449,,,,,
102,5461,Finland,2021,FI-01,60.18716666666667,25.024,2.59,0.349,0.026,Oil,0.0017,1.0,Ship,1610064000000,-2209120920000,2785658.9376000017,8441526.894199997,,,N,Moored ship,
1020,4543,Sweden,2015,SE-10,59.461333333333336,18.6515,0.46,0.004,0.00184,Oil,0.001,1.0,Unknown,1426982400000,-2209113900000,2076275.4825999998,8280773.936399996,,,,,
1021,4542,Sweden,2015,SE-06,56.16016666666667,14.739666666666666,0.15,0.01,0.0015,Oil,0.001,1.0,Unknown,1424217600000,-2209113000000,1640812.1878000014,7590366.605700001,,,,Hydraulic oil. Discharge from boats/ vessels close to shore/ in harbor,
1022,4541,Sweden,2015,SE-66,55.583333333333336,12.910833333333333,0.05,0.015,0.00075,Oil,0.0005,1.0,Unknown,1440979200000,-2209127400000,1437227.3922999986,7475912.3418999985,,,,,
1023,4540,Sweden,2015,SE-45,59.391,18.567833333333333,0.06,0.02,0.0012,Oil,0.0004,1.0,Ship,1433635200000,-2209132320000,2066961.7518000007,8265381.228600003,,,,,
1024,4539,Sweden,2015,SE-41,55.85966666666667,16.247833333333332,0.3,0.05,0.015,Oil,0.0004,1.0,Unknown,1433462400000,-2209117620000,1808700.5331000015,7530529.8298999965,,,,,
1025,4538,Sweden,2015,SE-70,57.6,19.566666666666666,3.0,0.1,0.3,Oil,0.00025,1.0,Unknown,1442793600000,-2209123800000,2178151.3698999994,7883755.2809000015,,,,,
1026,4537,Sweden,2015,SE-85,57.68216667,11.6475,0.135,0.005,0.000675,Oil,0.0002,1.0,Unknown,1434758400000,-2209095600000,1296593.7688999996,7900844.9548999965,,,,Mineraloil,
1027,4536,Sweden,2015,SE-05,57.7155,11.95767,0.155,0.01,0.00016,Oil,0.00018,1.0,Unknown,1423958400000,-2209126800000,1331121.7355000004,7907788.931400001,,,,Dischargefrom boats/ vessels close to shore/ in harbor,
1028,4535,Sweden,2015,SE-46,59.501333333333335,18.483666666666668,0.07,0.03,0.0021000000000000003,Oil,0.0001,1.0,Unknown,1434758400000,-2209110420000,2057592.361299999,8289542.375200003,,,,,
1029,4534,Sweden,2015,SE-50,58.805,17.9333,0.005,0.005,3e-05,Oil,2e-06,1.0,Unknown,1435968000000,-2209110000000,1996325.8242000006,8138358.738200001,,,,,
1030,4533,Sweden,2015,SE-12,56.07633333333333,12.656666666666666,0.15,0.02,0.003,Oil,0.0,1.0,Other,1427414400000,-2209110300000,1408933.6886,7573626.494999997,,,,,
1031,4532,Poland,2015,PL-11,55.363,18.6333,9.8,2.5,24.5,Oil,7.35,3.0,Unknown,1435622400000,-2209131600000,2074249.4677000009,7432638.146899998,5,260.0,N,,
1032,4531,Poland,2015,PL-01,54.487,18.6592,0.3,0.05,0.015,Oil,0.12,2.0,Unknown,1421971200000,-2209128360000,2077132.6426,7262933.143200003,,,N,,
1035,4528,Poland,2015,PL-03,54.7927,18.4778,1.0,0.1,0.01,Oil,0.03,1.0,Unknown,1422230400000,-2209130760000,2056939.2868999988,7321736.909999996,8,230.0,N,,
104,5459,Finland,2021,FI-25,60.375883333333334,22.123533333333334,,,,Oil,,1.0,Unknown,1631750400000,-2209134180000,2462780.4651999995,8483903.875500001,,,N,Small slick,
1040,4523,Poland,2015,PL-04,54.5168,18.5677,0.2,0.01,0.002,Oil,0.0018,1.0,Unknown,1426723200000,-2209128240000,2066946.9092000015,7268646.004100002,3,150.0,N,,
1041,4522,Germany,2015,GE-07,54.916666666666664,13.395,2.6,0.45,0.8775,Oil,0.538785,2.0,Unknown,1436745600000,-2209094160000,1491124.5791999996,7345709.580700003,5.1444444444,270.0,N,,
1042,4521,Germany,2015,GE-19,54.79783333333334,13.322833333333334,1.2,0.2,0.24,Oil,0.27648,2.0,Unknown,1430697600000,-2209135800000,1483091.022500001,7322728.133199997,23,249.0,N,Reported by DNK,
1043,4520,Germany,2015,GE-08,54.056666666666665,10.766666666666667,0.4,0.1,0.036,Oil,0.128304,2.0,Unknown,1436832000000,-2209092900000,1198539.8509999998,7180895.595399998,2.0577777778,250.0,N,,
1044,4519,Germany,2015,GE-17,54.93666666666666,13.573333333333332,5.1,1.0,2.04,Oil,0.0816,1.0,Unknown,1436832000000,-2209119540000,1510976.5549999997,7349584.093900003,6.1733333333,300.0,N,,
1045,4518,Germany,2015,GE-10,54.7,12.578333333333333,51.8,0.15,1.9425,Oil,0.0777,1.0,Ship,1439424000000,-2209135080000,1400213.6616999991,7303858.579800002,3.6011111111,50.0,N,,
1046,4517,Germany,2015,GE-06,54.906666666666666,13.385,2.9,0.9,1.827,Oil,0.07308,1.0,Unknown,1436054400000,-2209108200000,1490011.384300001,7343773.045999996,3.0866666667,85.0,N,,
1047,4516,Germany,2015,GE-05,54.77166666666667,13.59,1.4,0.2,0.112,Oil,0.021952,1.0,Unknown,1435536000000,-2209132080000,1512831.8797999993,7317676.782899998,6.1733333333,190.0,N,,
1048,4515,Germany,2015,GE-03,54.155,14.103333333333333,0.45,0.015,0.002025,Oil,0.005376375,1.0,Ship,1433203200000,-2209133340000,1569975.8850999996,7199566.262100004,11.317777778,205.0,N,,
1049,4514,Germany,2015,GE-18,54.92333333333333,13.498333333333333,6.58,0.2,0.1316,Oil,0.005264,1.0,Unknown,1428451200000,-2209117740000,1502627.5931000002,7347000.870899998,0,0.0,N,,
106,5457,Finland,2021,FI-16,60.21635,22.3046,,,,Oil,,1.0,Ship,1627257600000,-2209136100000,2482936.714200001,8448064.154399998,,,N,,
1063,4500,Germany,2015,GE-20,54.58833333333333,13.088333333333333,0.7,0.025,0.0175,Oil,0.001,1.0,Ship,1449532800000,-2209116600000,1456986.6020000018,7282376.458800003,,,N,Reported by SWE,
1064,4499,Germany,2015,GE-02,54.155,14.103333333333333,1.8,0.001,0.00054,Oil,7.776e-05,1.0,Ship,1433116800000,-2209090260000,1569975.8850999996,7199566.262100004,0.51444444444,210.0,N,,
1065,4498,Germany,2015,GE-01,54.915,13.506666666666666,4.5,1.3,2.34,Oil,0.0,1.0,Unknown,1431388800000,-2209132800000,1503555.2556000017,7345386.791500002,6.6877777778,234.0,N,,
1066,4497,Finland,2015,FI-10,60.3,21.816667,1.36,0.2,0.025,Oil,0.77,2.0,Unknown,1427932800000,-2209112160000,2428620.2613000013,8466834.603500001,,,N,,
1067,4496,Finland,2015,FI-13,60.783333,19.85,69.68,15.25,1.179,Oil,0.35,2.0,Unknown,1432598400000,-2209114860000,2209691.8922999986,8576242.052599996,,,N,,
1068,4495,Finland,2015,FI-59,60.466667,22.016667,2.68,0.976,0.242,Oil,0.07,1.0,Unknown,1447286400000,-2209127520000,2450884.159400001,8504377.155100003,,,N,,
1069,4494,Finland,2015,FI-38,60.416667,20.0,0.268,0.081,0.011,Oil,0.04,1.0,Unknown,1436918400000,-2209109100000,2226389.8158,8493094.224600002,,,N,,
1070,4493,Finland,2015,FI-24,60.183333,21.55,0.114,0.111,0.004,Oil,0.02,1.0,Unknown,1434844800000,-2209124160000,2398935.0265999995,8440668.5594,,,N,,
1071,4492,Finland,2015,FI-8,60.416667,22.183333,1.95,0.376,0.053,Oil,0.02,1.0,Unknown,1426636800000,-2209131000000,2469437.3337000012,8493094.224699996,,,N,,
1072,4491,Finland,2015,FI-3,60.28333,21.866667,0.553,0.105,0.029,Oil,0.008,1.0,Ship,1422057600000,-2209121160000,2434186.2357,8463090.148199998,,,N,,
1073,4490,Finland,2015,FI-33,59.95,22.383333,0.226,0.048,0.004,Oil,0.0049,1.0,Unknown,1436486400000,-2209116060000,2491701.231800001,8388614.3438,,,N,,
1074,4489,Finland,2015,FI-9,60.183333,25.016667,0.519,0.34,0.015,Oil,0.0046,1.0,Unknown,1426636800000,-2209110240000,2784842.6317999996,8440668.559299998,,,N,,
1075,4488,Finland,2015,FI-62,60.45,22.033333,0.384,0.06,0.004,Oil,0.0013,1.0,Unknown,1449964800000,-2209114740000,2452739.410100002,8500614.173600003,,,N,,
1079,4484,Finland,2015,FI-56,60.516667,21.083333,0.03,0.02,0.0,Oil,0.001,1.0,Unknown,1445472000000,-2209124700000,2346985.8938000016,8515677.478299998,,,N,,
1080,4483,Finland,2015,FI-51,60.183333,22.2,0.16,0.034,0.004,Oil,0.001,1.0,Unknown,1441497600000,-2209126860000,2471292.6955000013,8440668.559199996,,,N,,
1081,4482,Finland,2015,FI-35,60.25,25.916667,0.05,0.02,0.001,Oil,0.001,1.0,Unknown,1436572800000,-2209100400000,2885030.1735000014,8455609.203500003,,,N,,
1082,4481,Finland,2015,FI-31,59.816667,23.25,0.064,0.009,0.0,Oil,0.0006,1.0,Unknown,1436227200000,-2209112700000,2588178.1609000005,8359033.439300001,,,N,,
1083,4480,Finland,2015,FI-4,60.2,25.183333,0.273,0.073,0.002,Oil,0.0006,1.0,Unknown,1422057600000,-2209118040000,2803395.8062000014,8444400.929799996,,,N,,
1084,4479,Finland,2015,FI-23,59.916667,22.4,0.113,0.076,0.002,Oil,0.0005,1.0,Unknown,1434758400000,-2209118580000,2493556.593699999,8381208.038900003,,,N,,
1086,4477,Estonia,2015,EE-02,59.6783,24.335,11.3,4.7,30.273,Oil,8.155,3.0,Unknown,1421625600000,-2209127760000,2708959.8084000014,8328460.582199998,,,N,SAT detection verified as OIL Area in both FIN and EST EEZ,
1087,4476,Estonia,2015,EE-06,59.3483,22.5367,2.8,0.4,0.899,Oil,0.037,1.0,Unknown,1428278400000,-2209093860000,2508773.968199998,8256051.752099998,,,N,SAT detection verified as OIL,
1088,4475,Estonia,2015,FI/EE-2,59.216667,22.15,4.05,1.02,0.434,Oil,0.03,1.0,Unknown,1446508800000,-2209134120000,2465726.721000001,8227365.0361,,,,Detected by Finnish crew,
1089,4474,Estonia,2015,EE-05,59.7967,25.145,1.0,0.6,0.42,Oil,0.017,1.0,Unknown,1426809600000,-2209114320000,2799128.596000001,8354613.809500001,,,N,,
1090,4473,Estonia,2015,EE-13,59.2658,22.0732,10.6,2.88,0.363,Oil,0.01,1.0,Unknown,1428710400000,-2209120680000,2457177.3841999993,8238059.5977,5,180.0,N,Detected by Finnish crew OH-MVN,
1091,4472,Estonia,2015,EE-10,59.58,25.65,0.1,0.1,0.01,Oil,0.006,1.0,Unknown,1443916800000,-2209121100000,2855344.9387999997,8306817.335000001,,,N,,
1092,4471,Estonia,2015,EE-09,59.5233,26.5433,0.3,0.1,0.024,Oil,0.005,1.0,Unknown,1441497600000,-2209133280000,2954786.6400000006,8294362.131099999,,,N,Spill in Kunda Harbour waters,
1093,4470,Estonia,2015,EE-07,59.5017,23.6083,1.0,0.1,0.1,Oil,0.004,1.0,Unknown,1435017600000,-2209141320000,2628063.9345999993,8289622.8006,,,N,,
1094,4469,Estonia,2015,EE-11,59.4133,27.7433,0.2,0.2,0.028,Oil,0.003,1.0,Unknown,1444608000000,-2209126500000,3088370.028999999,8270258.203699999,,,N,,
1098,4465,Estonia,2015,EE-03,59.465,24.7217,0.7,0.01,0.006,Oil,0.00024,1.0,Unknown,1425427200000,-2209113000000,2752007.0555000007,8281577.277900003,,,N,,
1099,4464,Estonia,2015,EE-08,59.4167,27.7433,0.3,0.015,0.004,Oil,0.00016,1.0,Ship,1437696000000,-2209122480000,3088370.028999999,8271002.060500003,,,N,Tug Moored in SILLAMÄE Harbour,
1100,4463,Estonia,2015,EE-12,59.465,24.745,0.5,0.01,0.003,Oil,0.00012,1.0,Unknown,1448236800000,-2209120800000,2754600.799800001,8281577.277900003,,,N,,
1101,4462,Denmark,2015,DK-30,55.775166666666664,10.821333333333333,5.6,0.5,2.8,Oil,0.58128,2.0,Unknown,1435536000000,-2209131780000,1204625.316399999,7513787.275899999,16,266.0,N, ,
1102,4461,Denmark,2015,DK-3,54.973333333333336,14.085,7.2,0.9,6.48,Oil,0.20736,2.0,Unknown,1422576000000,-2209127100000,1567935.0278999992,7356692.3759,6,180.0,N, ,
1103,4460,Denmark,2015,DK-29,54.76766666666666,12.647,1.9,1.0,1.9,Oil,0.0684,1.0,Unknown,1435017600000,-2209131540000,1407857.6000000015,7316904.889899999,10,328.0,N,OIL,
12,5551,Sweden,2021,21UTSLÄPP0156,65.2366666666667,21.6472222222222,0.1,0.02,0.002,Oil,0.397,2.0,Unknown,1629849600000,1629976860000,2409757.7547999993,9670988.465000004,-,,N,,
13,5550,Sweden,2021,21UTSLÄPP0191,60.6872222222222,17.4955555555556,0.4,0.05,0.02,Oil,0.368,2.0,Unknown,1633478400000,1633512660000,1947596.3355999999,8554355.763400003,2,,N,,
137,5426,Estonia,2021,EE-09,59.2117,23.5017,1.5,0.01,0.005,Oil,,1.0,Unknown,1628467200000,-2209126800000,2616197.276799999,8226284.748300001,4,190.0,N,Sample taken by EST PBG vessel crew,
138,5425,Estonia,2021,EE-05,59.5796,27.5494,8.155,3.45,0.779,Oil,0.03117,1.0,Unknown,1623024000000,-2209121760000,3066785.1794999987,8306729.394000001,8,360.0,N,,
14,5549,Sweden,2021,21UTSLÄPP0114,56.0694444444444,15.2980555555556,,,0.046,Oil,0.13782,2.0,Unknown,1625702400000,1625760660000,1702971.7545999996,7572252.519699998,2,,N,,
158,5405,Estonia,2021,EE-02,59.465,24.115,0.02,0.01,0.0001,Oil,0.0,1.0,Other,1611792000000,-2209118100000,2684469.5205000006,8281577.277900003,6,280.0,N,Wreck of the ZELEZNODOROŽNIK,
159,5404,Denmark,2021,DK-9,56.058,11.4269,0.5,0.1,0.05,Oil,0.0992,1.0,Unknown,1626825600000,-2209127520000,1272036.6893000007,7569970.490500003,15,150.0,N,"DIESEL OIL 1 NM EAST OF HORNBAEK, LAT/LONG does not corresponde with the description and can not be verified.",
175,5388,Sweden,2020,20UTSLÄPP0006,60.555,17.7538888888889,0.08,0.05,0.004,Oil,0.16,2.0,Unknown,1579996800000,1580052780000,1976353.8707999997,8524352.801799998,,,N,,
178,5385,Sweden,2020,20UTSLÄPP0239,56.0708333333333,12.6805555555556,5.5,0.02,0.11,Oil,0.11847,2.0,Unknown,1604793600000,1604843700000,1411592.9875000007,7572529.511200003,,,N,,
190,5373,Sweden,2020,20UTSLÄPP0031,57.7166666666667,11.7,,,0.24,Oil,0.095904,1.0,Ship,1584403200000,1584450360000,1302438.0423000008,7908032.086400002,,,N,,
191,5372,Sweden,2020,20UTSLÄPP0055,56.2,12.4333333333333,5.5,0.1,0.55,Oil,0.09273,1.0,Unknown,1588291200000,1588345200000,1384072.3354000002,7598333.459399998,,,N,,
193,5370,Sweden,2020,20UTSLÄPP0042,59.425,18.3752777777778,0.435,0.085,0.036975,Oil,0.072743,1.0,Unknown,1586476800000,1586525220000,2045526.5654999986,8272818.259900004,,,N,,
194,5369,Sweden,2020,20UTSLÄPP0104,57.8,11.3166666666667,3.5,1.5,5.25,Oil,0.042,1.0,Unknown,1592697600000,1592751060000,1259765.5709000006,7925420.609200001,,,N,EMSA indication,
213,5350,Sweden,2020,20UTSLÄPP0157,56.0572222222222,12.6663888888889,0.32,0.05,0.016,Oil,0.00984,1.0,Ship,1596326400000,1596375720000,1410015.9611999989,7569815.4256,,,N,,
219,5344,Sweden,2020,20UTSLÄPP0217,59.5194444444444,18.8669444444444,0.05,0.005,0.00025,Oil,0.008,1.0,Unknown,1602288000000,1602321060000,2100258.6482999995,8293515.947899997,,,N,,
220,5343,Sweden,2020,20UTSLÄPP0168,60.1044444444444,18.8027777777778,0.95,0.035,0.03325,Oil,0.005653,1.0,Unknown,1597708800000,1597766940000,2093115.6477000006,8423028.094499998,,,N,,
223,5340,Sweden,2020,20UTSLÄPP0009,57.685,11.6441666666667,3.2,0.015,0.048,Oil,0.005551,1.0,Unknown,1580688000000,1580742660000,1296222.7041999996,7901434.943800002,,,N,,
224,5339,Sweden,2020,20UTSLÄPP0070,56.1402777777778,12.5933333333333,0.12,0.03,0.0036,Oil,0.004653,1.0,Unknown,1589068800000,1589110560000,1401883.454,7586391.826300003,,,N,,
227,5336,Sweden,2020,20UTSLÄPP0047,61.1891666666667,17.1822222222222,0.9,0.12,0.108,Oil,0.003456,1.0,Other,1586908800000,1587027000000,1912716.2283999994,8669388.627999999,,,N,Landbased,
228,5335,Sweden,2020,20UTSLÄPP0156,57.2508333333333,16.7911111111111,0.9,0.03,0.027,Oil,0.003186,1.0,Unknown,1596240000000,1596280800000,1869177.9387999997,7811560.5820999965,,,N,,
229,5334,Sweden,2020,20UTSLÄPP0237,59.4,18.5475,0.13,0.06,0.0078,Oil,0.003026,1.0,Unknown,1604361600000,1604405280000,2064698.2553999983,8267349.128200002,,,N,,
231,5332,Sweden,2020,20UTSLÄPP0011,57.7194444444444,11.6675,0.8,0.05,0.04,Oil,0.002,1.0,Unknown,1580688000000,1580744880000,1298820.1587999985,7908611.058200002,,,N,,
232,5331,Sweden,2020,20UTSLÄPP0071,56.1583333333333,15.6194444444444,0.25,0.1,0.025,Oil,0.00161,1.0,Unknown,1589068800000,1589112240000,1738748.6020000018,7590000.129199997,,,N,,
233,5330,Sweden,2020,20UTSLÄPP0255,59.0888888888889,18.1763888888889,1.45,0.015,0.02175,Oil,0.001435,1.0,Unknown,1608681600000,1608716760000,2023386.3555000015,8199624.038900003,,,N,,
234,5329,Sweden,2020,20UTSLÄPP0242,55.6447222222222,12.9916666666667,0.3,0.05,0.015,Oil,0.001239,1.0,Unknown,1604966400000,1605019380000,1446225.7179000005,7488012.5638,,,N,,
235,5328,Sweden,2020,20UTSLÄPP0025,59.2655555555556,18.4136111111111,1.0,0.05,0.05,Oil,0.00115,1.0,Unknown,1583712000000,1583769360000,2049793.8125,8238006.352600001,,,N,,
236,5327,Sweden,2020,20UTSLÄPP0016,58.6691666666667,17.1438888888889,0.6,0.05,0.03,Oil,0.0011,1.0,Ship,1582502400000,1582541040000,1908448.9813,8109222.1071000025,,,N,,UNK
237,5326,Sweden,2020,20UTSLÄPP0015,58.6666666666667,17.1333333333333,0.6,0.05,0.03,Oil,0.0011,1.0,Unknown,1582502400000,1582569120000,1907273.9422999993,8108686.9146,,,N,,
238,5325,Sweden,2020,20UTSLÄPP0177,55.3844444444444,12.985,0.07,0.07,0.0049,Oil,0.000972,1.0,Unknown,1598227200000,1598275500000,1445483.5879000016,7436839.300800003,,,N,,
239,5324,Sweden,2020,20UTSLÄPP0257,56.1555555555556,14.9027777777778,,,0.004568,Oil,0.000896,1.0,Ship,1608940800000,1608998400000,1658969.6336999983,7589444.895400003,,,N,,
240,5323,Sweden,2020,20UTSLÄPP0214,59.4333333333333,18.1163888888889,0.033,0.01,0.00033,Oil,0.000885,1.0,Ship,1602028800000,1602087060000,2016707.1860999987,8274642.201300003,,,N,,
241,5322,Sweden,2020,20UTSLÄPP0250,57.7066666666667,11.6594444444444,0.18,0.015,0.0027,Oil,0.000599,1.0,Unknown,1607212800000,1607269500000,1297923.4184999987,7905948.155199997,,,N,,
242,5321,Sweden,2020,20UTSLÄPP0165,60.3408333333333,18.4436111111111,,,0.0076,Oil,0.000559,1.0,Unknown,1597190400000,1597229040000,2053133.3973000012,8476014.760399997,,,N,,
243,5320,Sweden,2020,20UTSLÄPP0132,58.4930555555556,16.9966666666667,0.2,0.02,0.004,Oil,0.000472,1.0,Unknown,1594684800000,1594725600000,1892060.2785999998,8071614.229000002,,,N,,
244,5319,Sweden,2020,20UTSLÄPP0111,59.7552777777778,19.09,0.065,0.065,0.004225,Oil,0.000431,1.0,Unknown,1593475200000,1593519600000,2125089.0791999996,8345453.568400003,,,N,,
245,5318,Sweden,2020,20UTSLÄPP0224,56.2711111111111,12.8466666666667,0.049,0.038,0.001862,Oil,0.000123,1.0,Unknown,1602892800000,1602953880000,1430084.3916999996,7612576.609200001,,,N,,
246,5317,Sweden,2020,20UTSLÄPP0029,56.0388888888889,12.7013888888889,0.03,0.09,0.0027,Oil,0.000103,1.0,Unknown,1584144000000,1584197700000,1413912.1435999982,7566161.232199997,,,N,,
247,5316,Sweden,2020,20UTSLÄPP0149,58.4952777777778,16.9480555555556,0.25,0.02,0.005,Oil,8.2e-05,1.0,Unknown,1595548800000,1595590800000,1886648.9144000001,8072087.5995000005,,,N,,
248,5315,Sweden,2020,20UTSLÄPP0147,58.4866666666667,16.9777777777778,0.1,0.01,0.001,Oil,6.4e-05,1.0,Unknown,1595548800000,1595587680000,1889957.5769999996,8070253.454700001,,,N,,
249,5314,Sweden,2020,20UTSLÄPP0230,57.6713888888889,16.7066666666667,0.2,0.05,0.01,Oil,5.6e-05,1.0,Unknown,1603756800000,1603798560000,1859777.6262000017,7898601.101199999,,,N,,
25,5538,Sweden,2021,21UTSLÄPP0182,56.66,16.3630555555556,,,0.006,Oil,0.11,2.0,Unknown,1632096000000,1632125880000,1821527.0122000016,7690940.805,-,,N,,
250,5313,Sweden,2020,20UTSLÄPP0159,56.0158333333333,14.7105555555556,0.1,0.01,0.001,Oil,3.7e-05,1.0,Ship,1596844800000,1596885600000,1637571.5537,7561568.2707,,,N,,
251,5312,Sweden,2020,20UTSLÄPP0151,58.4877777777778,16.9427777777778,0.04,0.005,0.0002,Oil,2e-05,1.0,Unknown,1595548800000,1595591820000,1886061.3948,8070490.093199998,,,N,,UNK
252,5311,Sweden,2020,20UTSLÄPP0208,59.3988888888889,18.3358333333333,0.012,0.012,0.000144,Oil,6e-06,1.0,Ship,1601078400000,1601136180000,2041135.629900001,8267106.149400003,,,N,,
267,5296,Germany,2020,GE/20UTSLÄPP0077,54.809833,13.981333,3.88,4.8,18.624,Oil,1.38,3.0,Unknown,1590192000000,-2209116480000,1556394.8702000007,7325045.705499999,,,N,Detected by Sweden (20UTSLÄPP0077),
268,5295,Germany,2020,GE/20UTSLÄPP0078,54.743667,13.850333,6.3,0.39,2.457,Oil,1.26,3.0,Unknown,1590192000000,-2209114320000,1541812.0168999992,7312275.197400004,,,N,Detected by Sweden (20UTSLÄPP0078),
269,5294,Germany,2020,GE/DK-27,55.02111,13.7278,3.5,1.3,4.55,Oil,0.0916044895207569,1.0,Unknown,1598486400000,-2209110000000,1528171.705699999,7365964.211900003,5,90.0,N,Detected by Denmark (DK-27),
270,5293,Germany,2020,GE-02,54.24,13.275,0.65,0.05,0.019500000000000003,Oil,0.020631,1.0,Unknown,1589155200000,-2209134060000,1477766.2402999997,7215741.0879999995,10,0.0,N,,
274,5289,Finland,2020,FI-01,60.0151,23.917,0.872,4.51,0.185,Oil,0.57,2.0,Other,1580428800000,-2102198400000,2662428.2613000013,8403100.506099999,,,N,,
275,5288,Finland,2020,FI-06,61.6107,21.4678,0.999,0.365,0.148,Oil,0.02,1.0,Unknown,1591574400000,-2209129500000,2389784.5645000003,8767417.439099997,,,N,,
276,5287,Finland,2020,FI-02,59.8795,25.4098,1.78,5.4,0.429,Oil,0.02,1.0,Ship,1581033600000,-2209141500000,2828605.997200001,8372958.617799997,,,N,Between EST and FIN EEZ border. Discharg from sunken fishing vessel.,
277,5286,Finland,2020,FI-04,60.2388,22.3247,0.257,1.11,0.038,Oil,0.0096,1.0,Other,1586649600000,-2209123200000,2485174.2360999994,8453097.0638,,,N,,
278,5285,Finland,2020,FI-03,60.3523,21.049,0.435,0.054,0.003,Oil,0.001,1.0,Other,1583539200000,-2209131900000,2343163.9617,8478594.764399998,,,N,,
280,5283,Finland,2020,FI-09,60.0068,23.966,0.151,0.464,0.003,Oil,0.0002,1.0,Other,1599782400000,-2209149600000,2667882.9164000005,8401251.990599997,,,N,,
283,5280,Finland,2020,FI-10,60.3943,22.3827,0.029,0.184,0.002,Oil,0.0001,1.0,Other,1605312000000,-2209121100000,2491630.7665,8488052.532799996,,,N,,
284,5279,Finland,2020,FI-05,60.1917,21.5133,0.042,0.344,0.001,Oil,0.0001,1.0,Unknown,1589673600000,-2209126500000,2394849.601300001,8442542.009499997,,,N,,
285,5278,Finland,2020,FI-08,59.8185,22.9682,0.039,0.023,0.0009,Oil,1e-05,1.0,Unknown,1593907200000,-2209140360000,2556808.328400001,8359439.300499998,,,N,,
286,5277,Estonia,2020,EE-07,59.3916,23.9087,7.781,3.121,14.387,Oil,0.575,2.0,Unknown,1600992000000,-2209136460000,2661504.3095000014,8265512.4058,2.05,200.0,N,EMSA detection confirmed,
290,5273,Estonia,2020,EE-01,59.5133,27.5317,15.0,0.1,1.2,Oil,0.064,1.0,Other,1588204800000,-2209095900000,3064814.8247000016,8292167.619400002,,,N,"EMSA detection confirmed. Source: Wreck of the ELBING Class Torpedo boat T-30, sunk by mine, 18 August 1944.",
300,5263,Estonia,2020,EE-06,59.4983,24.8,0.1,0.001,0.001,Oil,0.0001,1.0,Unknown,1597708800000,-2209110660000,2760723.3715999983,8288877.0713,0.5,302.0,N,,
301,5262,Estonia,2020,EE-05,59.475,24.8,0.01,0.02,0.0002,Oil,0.0001,1.0,Unknown,1597708800000,-2209110960000,2760723.3717,8283768.651900001,0.5,302.0,N,,
309,5254,Denmark,2020,DK/20UTSLÄPP0180,57.3636111111111,11.4272222222222,5.55,0.05,0.2775,Oil,0.186619,2.0,Unknown,1598659200000,1598706660000,1272072.5588000007,7834803.649599999,,,N,,
310,5253,Denmark,2020,DK-28,55.5581,14.993,5.2,1.8,9.36,Oil,0.149845841397718,2.0,Unknown,1598572800000,-2209125720000,1669013.125500001,7470944.145199999,15,180.0,N,,
311,5252,Denmark,2020,DK/20UTSLÄPP0182,57.21,11.25,3.0,0.03,0.09,Oil,0.06,1.0,Unknown,1598572800000,-2209113000000,1252344.271400001,7803162.5286,,,N,Detected by Sweden (20UTSLÄPP0182),
312,5251,Denmark,2020,DK-31,57.4939,10.8081,1.0,1.0,1.0,Oil,0.011244788139946,1.0,Unknown,1598918400000,-2209132260000,1203152.1884999983,7861744.798600003,0,0.0,N,,
338,5225,Sweden,2019,SE/DE-70,55.2633333333333,14.0416666666667,3.0,0.1,0.24000000000000005,Oil,0.84912,2.0,Unknown,1571356800000,-2209142160000,1563111.1832000017,7413142.392999999,7,187.0,N,Detection by German crew in Swedish EEZ,
352,5211,Sweden,2019,SE-37,57.0215,17.38016667,0.3,0.01,0.003,Oil,0.1,2.0,Unknown,1562889600000,-2209123140000,1934751.3035999984,7764514.3565,N/A,,N,,
354,5209,Sweden,2019,SE-24,55.68766667,15.34416667,4.7,1.1,5.17,Oil,0.098,1.0,Unknown,1557792000000,-2209112880000,1708104.8203000017,7496488.523699999,N/A,,N,,
360,5203,Sweden,2019,SE-65,58.91833333,17.97,0.55,0.03,0.0165,Oil,0.056,1.0,Unknown,1574985600000,-2209119780000,2000411.249400001,8162756.481899999,N/A,,N,,
376,5187,Sweden,2019,SE-38,55.7145,15.33516667,9.5,2.7,25.65,Oil,0.05,1.0,Unknown,1562889600000,-2209120800000,1707102.9448999986,7501789.353399999,N/A,,N,,
377,5186,Sweden,2019,SE-25,55.6235,15.37083333,4.6,1.5,6.9,Oil,0.044,1.0,Unknown,1557792000000,-2209110780000,1711073.3392999992,7483827.357799999,N/A,,N,,
386,5177,Sweden,2019,SE-48,58.82933333,19.13166667,,,0.0,Oil,0.007215,1.0,Other,1568937600000,-2209132620000,2129727.3918000013,8143590.347400002,N/A,,N,wreck M/S Immen ,
387,5176,Sweden,2019,SE-53,55.829,16.09316667,4.0,0.01,0.04,Oil,0.0062,1.0,Unknown,1571443200000,-2209125000000,1791483.118900001,7524449.432599999,N/A,,N,,
388,5175,Sweden,2019,SE-08,59.46566667,18.7555,0.25,0.25,0.0625,Oil,0.0059,1.0,Unknown,1552867200000,-2209101600000,2087852.7094999999,8281723.350100003,N/A,,N,,
389,5174,Sweden,2019,SE-55,55.4,13.7705,0.45,0.35,0.1575,Oil,0.00278,1.0,Unknown,1571616000000,-2209131120000,1532925.0478999987,7439888.195799999,N/A,,N,,
390,5173,Sweden,2019,SE-62,56.72783333,16.98333333,1.35,0.45,0.6075,Oil,0.002,1.0,Ship,1573689600000,-2209127160000,1890576.018199999,7704692.426299997,N/A,,N,,
391,5172,Sweden,2019,SE-33,57.26016667,16.58616667,0.47,0.05,0.0235,Oil,0.0015,1.0,Unknown,1563321600000,-2209126260000,1846363.6279000007,7813481.444300003,N/A,,N,,
392,5171,Sweden,2019,SE-07,55.59,12.9245,0.05,0.05,0.0025,Oil,0.0005,1.0,Ship,1552176000000,-2209119900000,1438748.7586999983,7477225.476599999,N/A,,N,,
393,5170,Sweden,2019,SE-41,57.25,12.11116667,0.05,0.03,0.0015,Oil,0.000233,1.0,Other,1565308800000,-2209110420000,1348208.9065000005,7811389.100400001,N/A,,N,sunken shp,
394,5169,Sweden,2019,SE-06,59.9815,18.88,0.13,0.01,0.0013,Oil,0.0001,1.0,Ship,1550793600000,-2209110900000,2101711.986200001,8395620.219800003,N/A,,N,,
395,5168,Sweden,2019,SE-40,59.13133333,18.41833333,0.05,0.01,0.0005,Oil,8.8e-05,1.0,Unknown,1564963200000,-2209107600000,2050319.4875000007,8208827.365699999,N/A,,N,,
396,5167,Sweden,2019,SE-39,59.13983333,18.42483333,0.005,0.005,2.5e-05,Oil,7e-06,1.0,Other,1564963200000,-2209107720000,2051043.064199999,8210671.810999997,N/A,,N,sunken ship,
398,5165,Poland,2019,PL-06,54.9728,16.082,1.7,0.7,0.69,Oil,0.35,2.0,Unknown,1556236800000,-2209129320000,1790240.050900001,7356588.936300002,5-7,110.0,N,,
399,5164,Poland,2019,PL-29,54.5113,19.2647,2.0,0.02,0.04,Oil,0.09,1.0,Unknown,1565740800000,-2209132740000,2144536.5942,7267591.303400002,7,270.0,N,,
400,5163,Poland,2019,PL-39,54.5952,18.83,3.8,0.018,0.068,Oil,0.065,1.0,Unknown,1573084800000,-2209130100000,2096146.011599999,7283695.748000003,2-5,,N,,
407,5156,Poland,2019,PL-23,54.8118,18.4173,0.15,0.008,0.0012,Oil,0.002,1.0,Unknown,1563408000000,-2209125480000,2050204.457800001,7325425.670400001,2-7,,N,,
408,5155,Poland,2019,PL-11,54.5883,18.8163,0.05,0.01,0.0005,Oil,0.002,1.0,Unknown,1558569600000,-2209126140000,2094620.934700001,7282370.055200003,5-7,310.0,N,,
410,5153,Poland,2019,PL-01,54.9333,18.5117,0.3,0.005,0.002,Oil,0.0761,1.0,Other,1548288000000,-2209128000000,2060713.0177000016,7348931.749300003,Unknown,,N,wreck s/s Georg Buchner,
411,5152,Germany,2019,DE-09,54.7166666666667,13.6366666666667,9.0,0.15,0.675,Oil,0.44955,2.0,Unknown,1565136000000,-2209129680000,1518026.7895000018,7307069.935000002,5,104.0,N,,
412,5151,Germany,2019,DE-04,54.61,11.0916666666667,0.8,0.35,0.22399999999999998,Oil,0.24864,2.0,Ship,1564617600000,-2209125600000,1234718.6854999997,7286540.0207,4,350.0,N,,
416,5147,Germany,2019,DE-02,54.47,9.855,0.6,0.05,0.018,Oil,0.001422,1.0,Unknown,1574812800000,-2209126020000,1097053.5817999989,7259675.9934,8,159.0,N,,
425,5138,Germany,2019,GE-01,54.8316666666667,9.48166666666667,0.03,0.03,0.0009,Oil,0.000999,1.0,Unknown,1566345600000,-2209133580000,1055494.305300001,7329264.347099997,8,308.0,N,,
426,5137,Finland,2019,FI-16,59.7147,23.8011,2.65,0.481,0.517,Oil,16.0,4.0,Unknown,1572739200000,-2209127880000,2649526.3323,8336491.077,5,20.0,N,,
427,5136,Finland,2019,FI-06,59.4494,20.8775,8.7,1.39,1.5,Oil,9.1049,3.0,Ship,1560988800000,-2209135800000,2324072.6691000015,8278160.0286,5,150.0,N,,
428,5135,Finland,2019,FI-14,59.9619,22.3964,1.27,0.166,0.032,Oil,0.01,1.0,Ship,1569888000000,-2209128720000,2493155.8434999995,8391260.225100003,20,270.0,N,,
429,5134,Finland,2019,FI-01,59.9967,25.3234,24.14,7.7,1.995,Oil,0.01,1.0,Unknown,1555891200000,-2209129080000,2818987.9932999983,8399003.217799999,10,220.0,N,,
430,5133,Finland,2019,FI-03,59.8242,22.9431,0.218,0.818,0.008,Oil,0.004,1.0,Ship,1558569600000,-2209135560000,2554014.2091999985,8360701.5320999995,10,90.0,N,,
431,5132,Finland,2019,FI-09,63.955,22.9442,0.589,0.197,0.046,Oil,0.0036,1.0,Unknown,1565654400000,-2209131600000,2554136.660599999,9338346.112899996,15,210.0,N,,
436,5127,Finland,2019,FI-17,60.2667,25.8703,1.18,0.301,0.016,Oil,0.0007,1.0,Unknown,1577059200000,-2209130460000,2879868.6226000004,8459356.579300001,2,90.0,N,,
439,5124,Finland,2019,FI-02,60.2548,26.5921,0.272,0.066,0.003,Oil,0.0002,1.0,Unknown,1559952000000,-2209126500000,2960219.031100001,8456686.0977,10,220.0,N,,
440,5123,Finland,2019,FI-15,60.1169,19.9278,0.26,0.021,0.001,Oil,0.0001,1.0,Unknown,1572134400000,-2209111200000,2218352.548700001,8425810.500799999,10,330.0,N,,
441,5122,Finland,2019,FI-10,60.1585,22.1004,0.059,0.031,0.001,Oil,0.0001,1.0,Unknown,1566604800000,-2209114500000,2460205.2743000016,8435111.025700003,12,280.0,N,,
442,5121,Finland,2019,FI-07,59.4903,22.5812,0.314,0.122,0.001,Oil,0.0001,1.0,Unknown,1561507200000,-2209135200000,2513727.6856000014,8287122.710199997,6,180.0,N,,
443,5120,Estonia,2019,EE-02,59.32,23.5116,0.5,0.2,0.07,Oil,0.17,2.0,Unknown,1555200000000,-2209127700000,2617299.3398,8249874.978600003,Unknown,,N,,
444,5119,Estonia,2019,EE-03,59.0967,21.545,1.6,1.0,0.673,Oil,0.027,1.0,Unknown,1559692800000,-2209114260000,2398378.4290999994,8201316.884800002,Unknown,,N,,
445,5118,Estonia,2019,EE-01,59.4291,27.7425,1.274,0.225,0.141,Oil,0.0056,1.0,Unknown,1552780800000,-2209117080000,3088280.9734000005,8273715.582900003,20,140.0,N,,
446,5117,Estonia,2019,EE-06,59.4467,24.7767,0.2,0.2,0.007,Oil,0.005,1.0,Unknown,1569369600000,-2209118460000,2758129.6275000013,8277568.741700001,Unknown,,N,,
447,5116,Estonia,2019,EE/FI-08,59.3773,22.5335,2.25,0.239,0.08,Oil,0.0032,1.0,Unknown,1562457600000,-2209115880000,2508417.7457000017,8262386.650899999,7,380.0,N,Detection by Finnsh crew in Estonian EEZ,
455,5108,Denmark,2019,DK/DE-52,54.685,10.8333333333333,0.25,0.02,0.0035000000000000005,Oil,0.005894,1.0,Unknown,1559606400000,-2209130100000,1205961.1501999982,7300969.487899996,3,48.0,N,Detection by German crew in Danish EEZ,
456,5107,Denmark,2019,DK/DE-53,54.505,11.5333333333333,0.087,0.044,0.0030623999999999994,Oil,0.0007594752,1.0,Unknown,1556150400000,-2209126200000,1283884.7938,7266383.366300002,7,272.0,N,Detection by German crew in Danish EEZ,
5568,5570,Denmark,2022,DK-12,55.5333333333,15.4408333333,3.7,0.4,1.48,Oil,0.0472369904486,1.0,Unknown,1648512000000,-2209161600000,1718865.7041000016,7466070.9322,9,30.0,N,NOT COMBATABLE, 
5572,5574,Denmark,2022,DK-22UTSLÄPP0121,56.0722222222,12.5866666667,0.0,0.0,0.019,Oil,0.0,1.0,Unknown,1658620800000,-2209161600000,1401141.3242000006,7572806.512500003, ,0.0,N,"no additional information received, DK-22UTSLÄPP0121", 
5574,5576,Denmark,2022,DK-54,57.4069444444,10.7958333333,1.1,0.6,0.66,Oil,0.0253355974377,1.0,Unknown,1659484800000,-2209161600000,1201786.669300001,7843753.481700003,20,230.0,N,NOT VIS, 
5575,5577,Denmark,2022,DK-64,57.6938888889,10.9688888889,2.0,0.5,1.0,Oil,0.0157783010926,1.0,Unknown,1661212800000,-2209161600000,1221051.1257000007,7903286.191200003,5,130.0,N,NOT VIS, 
5576,5578,Denmark,2022,DK-22UTSLÄPP0181,57.6722222222,10.6191666667,0.0,0.0,0.045,Oil,0.06944,1.0,Ship,1665187200000,-2209161600000,1182120.2259999998,7898774.571199998, ,0.0,N, , 
5582,5584,Estonia,2022,EE-02,59.415,23.805,1.3,0.1,0.088,Oil,0.007,1.0,Unknown,1651104000000,-2209125300000,2649960.4783000015,8270630.122699998,7,250.0,N, , 
5584,5586,Estonia,2022,EE-04,59.52,24.3416,0.1,0.1,0.006,Oil,0.001,1.0,Unknown,1651795200000,-2209128660000,2709694.517099999,8293637.870399997,10,300.0,N, , 
5585,5587,Estonia,2022,EE-05,59.4833,24.6683,7.21,0.5,2.16,Oil,0.416,2.0,Other,1659225600000,-2209136400000,2746062.594700001,8285587.985200003,8,215.0,N,"Wreck: HOOLIGAN. Sunken pleasure craft wreck, volume of three observations included", 
5586,5588,Estonia,2022,EE-06,59.4968,24.6099,2.254,0.3,0.275,Oil,0.0361,1.0,Unknown,1661472000000,-2209123020000,2739561.5364999995,8288548.096900001,10,90.0,N, , 
5589,5591,Finland,2022,FI-1,59.3817,21.6817,3.02,0.337,0.0,Oil,0.002,1.0,Other,1651795200000,-2209161600000,2413595.8035000004,8263348.281300001, ,0.0,N,Estonia wreckage. Several spills durig the year, 
5591,5593,Finland,2022,FI-3,60.1507,26.5228,0.982,0.215,0.0,Oil,0.05,1.0,Ship,1659398400000,-2209161600000,2952504.590399999,8433366.2812, ,0.0,N,Cargo Vessel, 
5601,5603,Germany,2022,GE-2,54.64,12.8183333333,1.2,0.5,0.03,Oil,0.0012,1.0,Unknown,1641168000000,-2209161600000,1426930.3394000009,7292308.6131,20,273.0,N, , 
5603,5605,Germany,2022,GE/DK-5,54.9883333333,13.7169444444,1.7,0.4,0.68,Oil,0.0264816430182,1.0,Ship,1650672000000,-2209161600000,1526963.2707000002,7359602.18,15,10.0,N, , 
5605,5607,Germany,2022,GE-3,54.5483333333,13.6966666667,0.8,0.1,0.04,Oil,0.00368,1.0,Unknown,1656115200000,-2209161600000,1524705.958900001,7274695.697400004,4,200.0,N, , 
5607,5609,Poland,2022,PL-01,55.4577,18.1823,0.15,0.03,0.004,Oil,0.0012,1.0,Ship,1641772800000,-2209161600000,2024044.3775000013,7451207.9092999995,7-15,0.0,N, , 
5608,5610,Poland,2022,PL-02,55.4821,18.1774,0.18,0.02,0.0036,Oil,0.001,1.0,Rig,1641859200000,-2209161600000,2023498.9118999988,7455999.737599999,2-5,0.0,N,Baltic Beta oil rig, 
5611,5613,Poland,2022,PL-05,55.2238,16.8663,0.8,0.03,0.02,Oil,0.1,2.0,Ship,1647475200000,-2209161600000,1877547.9276,7405422.842600003,2-4,130.0,N, , 
5612,5614,Poland,2022,PL-07,55.2447,17.1863,1.2,0.5,0.24,Oil,0.07,1.0,Unknown,1647993600000,-2209161600000,1913170.1645999998,7409502.9639,2-5,0.0,N, , 
5613,5615,Poland,2022,PL-06,55.2488,17.489,1.3,0.6,0.4,Oil,0.12,2.0,Unknown,1647993600000,-2209161600000,1946866.5744999982,7410303.622100003,2-5,0.0,N, , 
5614,5616,Poland,2022,PL-08,55.3999,18.7178,0.15,0.02,0.0024,Oil,0.012,1.0,Rig,1650931200000,-2209161600000,2083655.9648000002,7439868.591799997,2-7,0.0,N,Lotos Petrobaltic oil rig, 
5617,5619,Poland,2022,PL-10,54.8655,18.3928,3.33,0.72,1.2,Oil,0.36,2.0,Unknown,1651622400000,-2209161600000,2047477.1303000003,7335806.040899999,5-7,140.0,N, , 
5618,5620,Poland,2022,PL-12,54.7832,18.5218,10.0,0.1,0.5,Oil,0.15,2.0,Ship,1652400000000,-2209161600000,2061837.3445999995,7319902.835199997,7,260.0,N, , 
5619,5621,Poland,2022,PL-13,54.9333,18.5117,0.1,0.01,0.001,Oil,0.0003,1.0,Other,1653436800000,-2209161600000,2060713.0177000016,7348931.749300003,2-5,0.0,N,wreck of Georg Buchner, 
5620,5622,Poland,2022,PL-14,54.7717,18.582,1.1,0.4,0.35,Oil,0.1,2.0,Unknown,1653436800000,-2209161600000,2068538.7778999992,7317683.2157000005,2-5,0.0,N, , 
5622,5624,Poland,2022,PL-16,55.1725,18.8827,0.3,0.03,0.0072,Oil,0.002,1.0,Ship,1654560000000,-2209161600000,2102012.548799999,7395417.078000002,1-5,240.0,N, , 
5623,5625,Sweden,2022,22UTSLÄPP0001,59.1686111111,17.6747222222,0.0,0.0,0.006,Oil,0.000317,1.0,Unknown,1641168000000,-2209161600000,1967541.0777000003,8216919.806000002, ,0.0,N, , 
5625,5627,Sweden,2022,22UTSLÄPP0003,59.2936111111,18.4072222222,0.0,0.0,0.105,Oil,0.018648,1.0,Ship,1641600000000,-2209161600000,2049082.604699999,8244119.956799999, ,0.0,N,Leisure vessel, 
5636,5638,Sweden,2022,SE/DK-11,55.5688888889,15.8516666667,7.0,0.6,4.2,Oil,0.000149341361485,1.0,Unknown,1648080000000,-2209161600000,1764599.4615999982,7473067.981399998,5,10.0,N,NOT COMBATABLE, 
5638,5640,Sweden,2022,22UTSLÄPP0029,59.3222222222,17.9863888889,0.0,0.0,0.0013,Oil,0.00015,1.0,Ship,1648771200000,-2209161600000,2002235.6523000002,8250359.815899998, ,0.0,N,Leisure vessel, 
5639,5641,Sweden,2022,22UTSLÄPP0028,59.2947222222,17.905,0.0,0.0,0.004,Oil,0.000627,1.0,Ship,1648771200000,-2209161600000,1993175.4827000014,8244362.183399998, ,0.0,N,Leisure vessel, 
5642,5644,Sweden,2022,SE/DK-14,55.0844444444,13.4838888889,2.3,0.3,0.475526847573308,Oil,1.90210739029e-05,1.0,Unknown,1649462400000,-2209161600000,1501019.6449999996,7378272.336099997,30,280.0,N,"NOT COMBATABLE, repot from  Denmark", 
5644,5646,Sweden,2022,22UTSLÄPP0037,57.1102777778,16.7341666667,0.0,0.0,0.0925,Oil,0.011007,1.0,Unknown,1650240000000,-2209161600000,1862838.9122000001,7782691.975199997, ,0.0,N, , 
5645,5647,Sweden,2022,22UTSLÄPP0047,57.7725,11.6163888889,0.0,0.0,0.0015,Oil,0.00037,1.0,Unknown,1650672000000,-2209161600000,1293130.4959999993,7919677.9626, ,0.0,N, , 
5649,5651,Sweden,2022,22UTSLÄPP0056,59.3086111111,17.9555555556,0.0,0.0,0.0105,Oil,0.002466,1.0,Ship,1651795200000,-2209161600000,1998803.3013999984,8247390.684600003, ,0.0,N,Leisure vessel, 
5650,5652,Sweden,2022,22UTSLÄPP0058,59.2894444444,18.3805555556,0.0,0.0,0.0054,Oil,0.013061,1.0,Ship,1651881600000,-2209161600000,2046114.085000001,8243211.677000001, ,0.0,N,Leisure vessel, 
5654,5656,Sweden,2022,22UTSLÄPP0068,55.635,13.0380555556,0.0,0.0,0.001,Oil,0.001358,1.0,Ship,1652659200000,-2209161600000,1451389.7054000013,7486094.976099998, ,0.0,N, , 
5655,5657,Sweden,2022,22UTSLÄPP0067,59.44,18.3602777778,0.0,0.0,0.00345,Oil,0.004289,1.0,Ship,1652659200000,-2209161600000,2043856.7730999999,8276101.677900001, ,0.0,N,Leisure vessel, 
5658,5660,Sweden,2022,22UTSLÄPP0071,55.4186111111,13.8072222222,0.0,0.0,0.0135,Oil,0.003812,1.0,Ship,1652832000000,-2209161600000,1537012.9470000006,7443537.557599999, ,0.0,N, , 
5659,5661,Sweden,2022,22UTSLÄPP0075,56.0225,12.7027777778,0.0,0.0,0.0045,Oil,0.00111,1.0,Unknown,1653177600000,-2209161600000,1414066.753899999,7562896.074199997, ,0.0,N, , 
5660,5662,Sweden,2022,22UTSLÄPP0077,59.2430555556,18.4202777778,0.0,0.0,0.006,Oil,0.001066,1.0,Unknown,1653609600000,-2209161600000,2050535.942499999,8233107.000100002, ,0.0,N, , 
5661,5663,Sweden,2022,SE/DK-40,55.0683333333,14.0191666667,0.05,0.05,0.0,Oil,0.0,1.0,Unknown,1654041600000,-2209161600000,1560606.4946999997,7375139.530100003,10,225.0,N,"NOT OBS ON SLAR (TO SMALL), repot from  Denmark", 
5663,5665,Sweden,2022,22UTSLÄPP0084,58.6258333333,16.7994444444,0.0,0.0,0.015,Oil,0.00162,1.0,Ship,1655164800000,-2209161600000,1870105.6011000015,8099950.8627, ,0.0,N,Leisure vessel, 
5665,5667,Sweden,2022,22UTSLÄPP0090,59.4744444444,18.2991666667,0.0,0.0,0.015,Oil,0.004548,1.0,Unknown,1655683200000,-2209161600000,2037053.9153000005,8283646.891900003, ,0.0,N, , 
5666,5668,Sweden,2022,22UTSLÄPP0091,55.2261111111,12.9486111111,0.0,0.0,0.806,Oil,0.026598,1.0,Unknown,1655683200000,-2209161600000,1441432.795400001,7405873.914800003, ,0.0,N, , 
5669,5671,Sweden,2022,22UTSLÄPP0095,56.105,15.4836111111,0.0,0.0,0.001,Oil,0.000823,1.0,Ship,1656374400000,-2209161600000,1723627.704500001,7579346.644900002, ,0.0,N,Leisure vessel, 
5671,5673,Sweden,2022,22UTSLÄPP0104,58.4880555556,16.9422222222,0.0,0.0,0.00026,Oil,6.4e-05,1.0,Unknown,1657152000000,-2209161600000,1885999.5507000014,8070549.254100002, ,0.0,N, , 
5673,5675,Sweden,2022,22UTSLÄPP0107,55.9633333333,14.5102777778,0.0,0.0,0.115,Oil,0.046575,1.0,Unknown,1657497600000,-2209161600000,1615276.7335,7551119.819799997, ,0.0,N, , 
5677,5679,Sweden,2022,22UTSLÄPP0122,55.2252777778,13.3341666667,0.0,0.0,2.5,Oil,0.49,2.0,Unknown,1658620800000,-2209161600000,1484352.6435000002,7405711.265600003, ,0.0,N, , 
5682,5684,Sweden,2022,22UTSLÄPP0138,57.1611111111,11.6408333333,0.0,0.0,0.0035,Oil,0.000322,1.0,Unknown,1660089600000,-2209161600000,1295851.6389999986,7793119.927900001, ,0.0,N, , 
5683,5685,Sweden,2022,22UTSLÄPP0142,59.1888888889,17.6638888889,0.0,0.0,0.0247,Oil,0.051919,1.0,Unknown,1660521600000,-2209161600000,1966335.1165999994,8221325.508699998, ,0.0,N, , 
5684,5686,Sweden,2022,22UTSLÄPP0149,56.0888888889,17.8047222222,0.0,0.0,1.665,Oil,0.01665,1.0,Unknown,1660867200000,-2209161600000,1982012.6114999987,7576131.3081, ,0.0,N, , 
5691,5693,Sweden,2022,22UTSLÄPP0170,59.3275,18.1063888889,0.0,0.0,0.000715,Oil,6.6e-05,1.0,Unknown,1663891200000,-2209161600000,2015593.9912,8251511.431699999, ,0.0,N, , 
5692,5694,Sweden,2022,22UTSLÄPP0171,59.3147222222,18.6955555556,0.0,0.0,0.00495,Oil,0.000273,1.0,Unknown,1663891200000,-2209161600000,2081179.7245999984,8248723.616899997, ,0.0,N, , 
5693,5695,Sweden,2022,22UTSLÄPP0174,59.3213888889,18.0086111111,0.0,0.0,0.004,Oil,0.000595,1.0,Unknown,1664409600000,-2209161600000,2004709.4188,8250177.998300001, ,0.0,N, , 
5696,5698,Sweden,2022,22UTSLÄPP0183,55.7002777778,14.4597222222,0.0,0.0,0.45,Oil,0.04464,1.0,Unknown,1665705600000,-2209161600000,1609648.9147999994,7498979.350400001, ,0.0,N, , 
5697,5699,Sweden,2022,22UTSLÄPP0187,56.3386111111,17.3513888889,0.0,0.0,5.2,Oil,0.0312,1.0,Ship,1666483200000,-2209161600000,1931547.7756999992,7626120.989799999, ,0.0,N, , 
5699,5701,Sweden,2022,22UTSLÄPP0190,58.6619444444,17.1133333333,0.0,0.0,0.003,Oil,0.000354,1.0,Unknown,1666656000000,-2209161600000,1905047.5524000004,8107676.1000000015, ,0.0,N, , 
5702,5704,Sweden,2022,22UTSLÄPP0197,59.3316666667,18.0775,0.0,0.0,0.011,Oil,0.027343,1.0,Unknown,1668470400000,-2209161600000,2012378.0947999991,8252420.728399999, ,0.0,N, , 
5703,5705,Sweden,2022,22UTSLÄPP0199,56.1977777778,12.5494444444,0.0,0.0,0.0012,Oil,0.000204,1.0,Unknown,1669507200000,-2209161600000,1396997.7652000003,7597888.786700003, ,0.0,N, , 
5704,5706,Sweden,2022,22UTSLÄPP0201,59.4033333333,18.355,0.0,0.0,0.00025,Oil,1e-05,1.0,Unknown,1669593600000,-2209161600000,2043269.2534999996,8268078.112499997, ,0.0,N, , 
5705,5707,Sweden,2022,22UTSLÄPP0200,59.3525,18.2713888889,0.0,0.0,0.001,Oil,2.6e-05,1.0,Unknown,1669593600000,-2209161600000,2033961.7071999982,8256968.884999998, ,0.0,N, , 
5706,5708,Sweden,2022,22UTSLÄPP0202,59.4155555556,18.5275,0.0,0.0,0.0015,Oil,3e-05,1.0,Unknown,1669593600000,-2209161600000,2062471.865699999,8270751.669100001, ,0.0,N, , 
5707,5709,Sweden,2022,22UTSLÄPP0203,56.3672222222,18.8005555556,0.0,0.0,0.04,Oil,0.01096,1.0,Unknown,1669593600000,-2209161600000,2092868.2710999995,7631869.254500002, ,0.0,N, , 
5709,5711,Sweden,2022,22UTSLÄPP0206,58.925,17.975,0.0,0.0,0.5,Oil,0.05054,1.0,Unknown,1669766400000,-2209161600000,2000967.8469999991,8164194.135300003, ,0.0,N, , 
5978,5714,Denmark,2023,DK-230831,54.9836,11.885,0.8,0.4,0.32000000000000006,Oil,0.0414690542790879,1.0,UNK,1693440000000,-2209124400000,1323032.1480999999,7358683.857799999,5,270.0,N,,
5979,5715,Denmark,2023,GE/DK-48,54.4183333333333,11.8433333333333,4.017,0.676,0.5430984000000001,Oil,0.0640856112,1.0,UNK,1676419200000,-2209123620000,1318393.8359000012,7249785.112199999,12,216.0,N,,
5980,5716,Denmark,2023,DK-230922,57.6963,10.5702,5.0,0.8,4.0,Oil,0.0775475873034988,1.0,UNK,1695340800000,-2209121040000,1176669.2815999985,7903788.420299999,10,230.0,N,,
5995,5731,Estonia,2023,EE-01,57.9053,21.3552,1.788,0.352,0.277,Oil,0.011,1.0,UNK,1686700800000,-2209117980000,2377249.9897999987,7947450.276600003,10,,N,,
5997,5733,Estonia,2023,EE-07,59.8817,26.0867,4.2,2.0,2.94,Oil,0.417,2.0,UNK,1699142400000,-2209114320000,2903958.160500001,8373446.663099997,2,,N,Preliminary information from FIN aircrew,
5998,5734,Estonia,2023,EE-06,59.2474,21.8978,35.46,1.96,11.98,Oil,0.4792,2.0,UNK,1692230400000,-2209126620000,2437651.9455000013,8234052.7465,12,,N,,
600,4963,Germany,2018,GE-06,54.1316666666667,13.765,0.66,0.035,0.01386,Oil,0.0005544,1.0,Unknown,1524096000000,-2209127280000,1532312.7908000015,7195131.925800003,3,65.0,N,,
601,4962,Germany,2018,GE-04,54.5533333333333,12.5066666666667,0.5,0.05,0.02,Oil,0.04778,1.0,Unknown,1534636800000,-2209094100000,1392235.7650000006,7275655.380500004,3,276.0,N,,
602,4961,Germany,2018,GE-03,54.3483333333333,10.1733333333333,0.08,0.05,0.0028000000000000004,Oil,0.00084,1.0,Unknown,1533513600000,-2209094520000,1132490.2862999998,7236404.430399999,3,15.0,N,,
6027,5763,Germany,2023,GE-9,54.2101666666667,13.4763333333333,0.046,0.033,0.0010626000000000001,Oil,0.0001530144,1.0,UNK,1689724800000,-2209133100000,1500178.5643999986,7210060.251199998,294,5.0,N,,
6028,5764,Germany,2023,GE-5,54.455,12.3216666666667,0.75,0.05,0.0075000000000000015,Oil,0.0003,1.0,UNK,1681603200000,-2209098900000,1371641.6590999998,7256803.161499999,44,10.0,N,,
6029,5765,Germany,2023,GE-12,54.865,13.8066666666667,3.1,1.9,2.1792999999999996,Oil,0.087172,1.0,UNK,1686182400000,-2209089578000,1536951.1028999984,7335709.3257,28,5.0,N,,
603,4960,Germany,2018,GE-02,54.3666666666667,10.17,0.2,0.03,0.0036,Oil,0.00108,1.0,Unknown,1533513600000,-2209094700000,1132119.2214000002,7239906.689800002,3,15.0,N,,
6030,5766,Germany,2023,GE-8,54.8283333333333,13.215,4.3,0.36,0.55728,Oil,0.29870208,2.0,UNK,1691712000000,-2209112016000,1471087.070799999,7328620.141900003,233,6.0,N,,
6031,5767,Germany,2023,GE-10,54.93,13.6516666666667,10.1,2.2,5.332800000000001,Oil,0.3519648,2.0,UNK,1686182400000,-2209089644000,1519696.5817999989,7348292.375399999,28,5.0,N,,
604,4959,Germany,2018,GE-01,54.8166666666667,9.7,0.48,0.04,0.007679999999999999,Oil,0.00050688,1.0,Unknown,1532908800000,-2209097160000,1079799.0606000014,7326365.842799999,5,115.0,N,,
6040,5776,Poland,2023,PL-02,54.8463,18.3983,0.2,0.008,,Oil,0.003,1.0,UNK,1684368000000,-2209125540000,2048089.3874999993,7332093.0370000005,2,,N,,
6041,5777,Poland,2023,PL-01,55.2667,17.9,0.3,0.04,0.012,Oil,0.004,1.0,UNK,1683504000000,-2209125600000,1992618.8852000013,7413800.146499999,2,280.0,N,,
6048,5784,Sweden,2023,23UTSLÄPP0085,57.75,17.891111,,,0.118,Oil,0.001532,1.0,OTHER,1685145600000,1705929720000,1991629.3662,7914982.684799999,0,,N,Suspected wreck RONE,
6049,5785,Sweden,2023,GE/S-1,55.04,13.9701666666667,1.0,0.22,0.154,Oil,0.00616,1.0,UNK,1686182400000,-2209087740000,1555151.8396999985,7369633.170699999,8,347.0,N,,
6050,5786,Sweden,2023,23UTSLÄPP0046,58.791666,19.616666,,,1.302,Oil,0.052,1.0,UNK,1679443200000,1705921620000,2183717.270199999,8135493.5154,0,,N,EMSA Indication,
6051,5787,Sweden,2023,GE/S-3,55.1983333333333,14.065,4.0,2.7,6.48,Oil,0.42768,2.0,SHIP,1687219200000,-2209157100000,1565708.6380000003,7400454.107299998,10,160.0,N,,
6052,5788,Sweden,2023,23UTSLÄPP0096,57.543333,20.022777,,,0.13,Oil,1.724,3.0,UNK,1686009600000,1705925400000,2228925.339899998,7871991.7179000005,0,,N,,
6053,5789,Sweden,2023,23UTSLÄPP0179,56.09305555555556,14.786111111111111,,,45.175,Oil,9.31,3.0,SHIP,1697932800000,-2209108260000,1645982.3597000018,7576962.731799997,0,,N,"Marco Polo ran aground three times. Major oil recovery operation, largest in Sweden for decades. 9-50 cubic meters of oil detected from air. ",
611,4952,Denmark,2018,DK-51,55.06633333333333,13.2043166666667,1.0,1.0,1.0,Oil,,,Unknown,1542240000000,-2209113000000,1469897.807599999,7374750.718000002,,,N,,
612,4951,Denmark,2018,DK-27,54.914,13.5017833333333,5.0,1.5,7.5,Oil,,,Unknown,1530057600000,-2209125960000,1503011.6455000006,7345193.124300003,10,285.0,N,,
613,4950,Denmark,2018,DK-21,55.4675,15.2124833333333,5.4,0.8,4.32,Oil,,,Unknown,1528502400000,-2209114800000,1693445.8982999995,7453132.139600001,0,0.0,N,,
617,4946,Sweden,2017,SE-72,56.71233333333333,16.488166666666668,0.05,0.05,0.015,Oil,,,Unknown,1507161600000,-2209102800000,1835454.3176000006,7701547.9794000015,,,N,DARKNESS,
66,5497,Germany,2021,GE-01,54.8816666666667,13.4333333333333,2.0,1.2,1.68,Oil,0.54936,2.0,Unknown,1622505600000,-2209152120000,1495391.826299999,7338933.813199997,0,10.0,N,,
67,5496,Estonia,2021,EE-08,59.42,27.7467,0.7,0.2,0.074,Oil,0.243,2.0,Unknown,1626566400000,-2209127520000,3088748.5150999986,8271724.1105,5,270.0,N,,
68,5495,Estonia,2021,EE-07,59.4667,24.6317,3.4,0.2,0.53,Oil,0.118,2.0,Ship,1626134400000,-2209105800000,2741988.3013999984,8281949.765699998,4,270.0,N,Dredger barge MIDIA. Hydraulic system fault,
686,4877,Sweden,2017,SE-49,59.39,18.440833333333334,0.2,0.01,0.002,Oil,0.00013,1.0,Unknown,1499558400000,-2209111800000,2052824.1763999984,8265162.605499998,,,N,Daylight,
687,4876,Sweden,2017,SE-73,59.458333333333336,18.691166666666668,0.01,0.01,0.001,Oil,0.000614,1.0,Unknown,1507852800000,-2209121160000,2080691.1557999998,8280116.721900001,,,N,Daylight,
688,4875,Sweden,2017,SE-58,57.525,11.358333333333333,0.2,0.05,0.010000000000000002,Oil,0.0007,1.0,Unknown,1500854400000,-2209112100000,1264403.8828999996,7868189.8675,,,N,Daylight,
689,4874,Sweden,2017,SE-79,56.126,12.5915,0.1,0.3,0.03,Oil,0.0009,1.0,Unknown,1509667200000,-2209125000000,1401679.3682999983,7583539.691100001,,,N,Daylight,
69,5494,Sweden,2021,21UTSLÄPP0043,55.6277777777778,13.0283333333333,0.2,0.15,0.03,Oil,0.07755,1.0,Unknown,1618012800000,1618067460000,1450307.432500001,7484670.790299997,-,,N,,
690,4873,Sweden,2017,SE-21,59.159333333333336,17.6725,0.2,0.01,0.002,Oil,0.001,1.0,Unknown,1491696000000,-2209132200000,1967293.7010000013,8214904.917099997,,,N,Daylight,
691,4872,Sweden,2017,SE-53,55.913333333333334,12.663333333333334,0.5,0.05,0.025,Oil,0.001,1.0,Ship,1499990400000,-2209116780000,1409675.8183000013,7541182.083800003,,,N,Daylight; Pleasure boat,
692,4871,Sweden,2017,SE-06,59.1987,17.6286,0.15,0.06,0.009,Oil,0.001,1.0,Ship,1485820800000,-2209125480000,1962406.7754999995,8223458.0830999985,,,N,Daylight/polluter: Östanhav,
693,4870,Sweden,2017,SE-61,55.903333333333336,12.724666666666666,0.4,0.04,0.016,Oil,0.0024,1.0,Unknown,1501977600000,-2209120620000,1416503.4140000008,7539196.0748,,,N,Daylight,
694,4869,Sweden,2017,SE-01,56.8775,12.376333333333333,0.95,0.4,0.38,Oil,0.0076,1.0,Unknown,1483574400000,-2209107600000,1377727.1246000007,7735121.843000002,,,N,Daylight,
695,4868,Sweden,2017,SE-74,56.43716666666667,12.8445,0.055,0.055,0.00715,Oil,0.008,1.0,Unknown,1507852800000,-2209109160000,1429843.1994999982,7645939.999799997,,,N,Daylight,
696,4867,Sweden,2017,SE-17,59.3333,17.975,0.6,0.05,0.03,Oil,0.0102,1.0,Ship,1490140800000,-2209098780000,2000967.8471000008,8252777.203100003,,,N,Daylight,
697,4866,Sweden,2017,SE-15,56.0295,12.6945,0.15,0.05,0.0075,Oil,0.0273,1.0,Ship,1489622400000,-2209131900000,1413145.2758999988,7564290.5145,,,N,"Daylight, polluter: Enforcer",
698,4865,Sweden,2017,SE-39,56.333333333333336,17.816666666666666,6.4,0.8,5.120000000000001,Oil,0.047,1.0,Unknown,1496966400000,-2209129980000,1983342.2608999982,7625061.101099998,,,N,Daylight,
699,4864,Sweden,2017,SE-02,59.72083333333333,19.068666666666665,2.3,1.8,4.14,Oil,0.06,1.0,Ship,1484265600000,-2209120800000,2122714.2635000013,8337845.0603,,,N,Daylight/polluter: Regal Star,
70,5493,Sweden,2021,21UTSLÄPP0184,56.1561111111111,14.7280555555556,0.35,0.05,0.0175,Oil,0.043659,1.0,Ship,1632355200000,1632392220000,1639519.6448,7589555.938900001,5,,N,ALVA,
700,4863,Sweden,2017,SE-71,56.13166666666667,12.581,2.0,0.12,0.24,Oil,0.079,1.0,Unknown,1506038400000,-2209122600000,1400510.5135999992,7584671.5402000025,,,N,Daylight,
701,4862,Sweden,2017,SE-23,58.625,17.625,0.9,0.2,0.18000000000000002,Oil,0.0945,1.0,Unknown,1492905600000,-2209110660000,1962006.0251999982,8099772.682300001,,,N,Daylight,
702,4861,Sweden,2017,SE-86,57.8675,18.788,0.7,0.15,0.105,Oil,0.225,2.0,Ship,1512777600000,-2209114440000,2091470.5929999985,7939534.776100002,,,N,Daylight; F/V Gilija,
703,4860,Sweden,2017,SE-51,57.61666666666667,11.783333333333333,2.0,0.2,0.4,Oil,0.321,2.0,Unknown,1499731200000,-2209118100000,1311714.6664999984,7887218.620700002,,,N,Daylight,
704,4859,Sweden,2017,SE-67,57.68333333333333,11.383333333333333,5.37,1.8,9.666,Oil,0.3586,2.0,Unknown,1504569600000,-2209101600000,1267186.870099999,7901087.885399997,,,N,Daylight,
705,4858,Sweden,2017,SE-60,55.28333333333333,12.8,14.0,1.0,14.0,Oil,1.35,3.0,Unknown,1501459200000,-2209130400000,1424889.4822000004,7417050.6570999995,,,N,Daylight,
706,4857,Sweden,2017,SE-68,57.7167,11.5333,9.26,2.5,11.5,Oil,5.9634,3.0,Unknown,1504569600000,-2209101600000,1283881.0830999985,7908039.033799998,,,N,Daylight,
707,4856,Poland,2017,PL-04,54.9333,18.5117,,,,Oil,0.0037,1.0,Other,1491782400000,-2209123920000,2060713.0177000016,7348931.749300003,8,190.0,N,wreck s/s Georg Buchner,
71,5492,Sweden,2021,21UTSLÄPP0111,58.91,18.0336111111111,1.56,0.02,0.0312,Oil,0.027146,1.0,Unknown,1625356800000,1625386860000,2007492.4059999995,8160959.806999996,1,,N,,
713,4850,Poland,2017,PL-09,54.8145,18.3963,,,,Oil,0.006,1.0,Unknown,1499472000000,-2209117920000,2047866.7485000007,7325947.259000003,unknown,,N,,
714,4849,Poland,2017,PL-10,54.7258,18.4255,,,,Oil,0.01,1.0,Unknown,1499731200000,-2209123740000,2051117.2774999999,7308830.317599997,8,260.0,N,,
715,4848,Poland,2017,PL-03,55.2675,18.7825,,,,Oil,0.05,1.0,Unknown,1491004800000,-2209118580000,2090858.3357999995,7413956.452399999,unknown,,N,,
716,4847,Poland,2017,PL-01,55.2967,17.7218,0.08,0.02,0.0016,Oil,0.1,2.0,Ship,1485302400000,-2209127400000,1972781.7518999986,7419663.777999997,5,290.0,N,f/v Judith Bechman,
717,4846,Poland,2017,PL-12,55.3787,17.3313,,,,Oil,0.8,2.0,Unknown,1502236800000,-2209131360000,1929311.4908000007,7435713.690700002,8,160.0,N,,
718,4845,Poland,2017,PL-02,55.03,15.9,,,,Oil,1.8,3.0,Unknown,1489363200000,-2209122300000,1769979.9037000015,7367690.679700002,4,170.0,N,,
719,4844,Germany,2017,GE-15,54.89833333333333,13.56,1.68,0.49,0.18933599999999998,Oil,,,Unknown,1509667200000,-2209090980000,1509492.2952000014,7342159.634599999,8.7455555556,235.0,N,Potential mineral oil spill but no colours available (IFR-Flight),
72,5491,Sweden,2021,21UTSLÄPP0228,57.2491666666667,11.6486111111111,5.0,0.1,0.5,Oil,0.0264,1.0,Unknown,1640476800000,1640517240000,1296717.4574000016,7811217.622400001,1,,N,,
720,4843,Germany,2017,GE-13,54.901666666666664,13.698333333333334,10.6,0.6,1.272,Oil,,,Unknown,1507680000000,-2209093800000,1524891.4913000017,7342804.959200002,17.491111111,278.0,N,Potential mineral oil spill but no colours available (IFR-Flight),
721,4842,Germany,2017,GE-5,54.86333333333334,13.785,3.45,1.22,2.5254000000000003,Oil,,,Unknown,1498262400000,-2209092360000,1534539.1805999987,7335386.950199999,14.918888889,270.0,N,Potential mineral oil spill but no colours available (IFR-Flight),
722,4841,Germany,2017,GE-4,54.36,13.975,1.7,0.1,0.051000000000000004,Oil,0.003,1.0,Unknown,1490918400000,-2209115340000,1555689.8839000016,7238632.960100003,6.6877777778,225.0,N,,
723,4840,Germany,2017,GE,54.6217,14.3,0.37,0.2,0.052,Oil,0.0054,1.0,Unknown,1489190400000,-2209130460000,1591868.7182999998,7288789.265699998,2,50.0,N,oil slick reported by Germany to Poland but actually located in German waters,
727,4836,Germany,2017,GE-2,54.51833333333333,12.25,2.38,0.15,0.1785,Oil,0.021,1.0,Unknown,1490227200000,-2209134180000,1363663.7621,7268940.067100003,9.26,105.0,N,,
73,5490,Sweden,2021,21UTSLÄPP0072,56.5583333333333,12.3155555555556,2.0,0.14,0.28,Oil,0.02576,1.0,Unknown,1621382400000,1621420260000,1370961.373399999,7670376.5309000015,3,,N,,
736,4827,Germany,2017,GE-3,54.772666666666666,13.7495,0.45,0.25,0.1125,Oil,0.4289,2.0,Unknown,1490227200000,-2209118400000,1530587.3387000002,7317869.768200003,,,N,,
737,4826,Finland,2017,FI-23,59.821,22.963,0.07,0.019,0.00133,Oil,0.0007,1.0,Unknown,1498262400000,-2209122720000,2556229.4672,8359992.884300001,5,180.0,N,,
738,4825,Finland,2017,FI-19,59.978,23.432666666666666,,,,Oil,0.0008,1.0,Unknown,1497744000000,-2209130940000,2608512.521400001,8394841.460100003,10,270.0,N,,
74,5489,Sweden,2021,21UTSLÄPP0131,58.4875,16.9427777777778,0.025,0.007,0.000175,Oil,0.016,1.0,Unknown,1627430400000,1627461600000,1886061.3949000016,8070430.932899997,1,,N,,
740,4823,Finland,2017,FI-40,60.149166666666666,24.982833333333332,,,,Oil,0.002,1.0,Unknown,1505606400000,-2209131060000,2781076.285100002,8433023.346,-,,N,,
741,4822,Finland,2017,FI-10,60.44466666666667,22.153,0.2,0.03,0.005,Oil,0.004,1.0,Unknown,1496188800000,-2209115100000,2466060.6796999983,8499410.451499999,10,310.0,N,,
742,4821,Finland,2017,FI-29,60.503,27.022666666666666,,,,Oil,0.02,1.0,Ship,1499731200000,-2209124160000,3008149.4932999983,8512586.917099997,8,100.0,N,,
743,4820,Finland,2017,FI-21,60.41983333333334,26.803833333333333,,,,Oil,0.02,1.0,Unknown,1498176000000,-2209106400000,2983789.0780000016,8493808.220299996,3,360.0,N,,
744,4819,Finland,2017,FI-28,59.72666666666667,23.394166666666667,,,,Oil,0.38,2.0,Unknown,1499731200000,-2209126860000,2604226.720899999,8339133.046899997,10,100.0,N,,
745,4818,Estonia,2017,EE-04,59.2267,22.0617,0.3,0.1,0.012,Oil,0.00048,1.0,Unknown,1509667200000,-2209125600000,2455897.209899999,8229547.622900002,,,N,,
746,4817,Estonia,2017,EE-02,59.6617,25.475,4.5,0.1,0.18,Oil,0.007,1.0,Unknown,1489968000000,-2209122480000,2835864.027899999,8324801.219700001,,,N,,
749,4814,Denmark,2017,DK-25,55.9647,10.4902,0.01,0.01,0.0,Oil,,1.0,Unknown,1499385600000,-2209114320000,1167763.7223000005,7551391.631499998,5,220.0,N,TWO SMALL SPOTS OF THIN OIL,
75,5488,Sweden,2021,21UTSLÄPP0199,59.0308333333333,18.2488888888889,1.35,0.3,0.405,Oil,0.01134,1.0,Ship,1634428800000,1634461740000,2031457.0187,8187054.138700001,1,,N,HMS HERCULES,
750,4813,Denmark,2017,DK-8,55.6372,10.5422,0.0,0.0,0.047,Oil,,1.0,Unknown,1487116800000,-2209124460000,1173552.3357999995,7486528.8571000025,,,N,TOO SMALL TO MEASURE,
751,4812,Denmark,2017,GE-10,54.405,11.996666666666666,1.24,0.18,0.15624,Oil,0.014,1.0,Unknown,1505692800000,-2209135380000,1335462.8247000016,7247234.650899999,2.5722222222,265.0,N,Reported by Germany but located in Danish waters,
752,4811,Denmark,2017,DK-34,55.5285,15.6832,3.1,1.5,2.519,Oil,0.1,2.0,Unknown,1502755200000,-2209100520000,1745845.8379000016,7465120.259400003,9,170.0,N,Looks like  light oil,
76,5487,Sweden,2021,21UTSLÄPP0082,55.5972222222222,12.9347222222222,1.046,0.05,0.0523,Oil,0.004812,1.0,Unknown,1622246400000,1622373000000,1439886.691300001,7478648.291100003,1,,N,,
77,5486,Sweden,2021,21UTSLÄPP0144,59.4530555555556,18.8363888888889,2.0,0.01,0.02,Oil,0.00248,1.0,Unknown,1628035200000,1628087340000,2096857.2195000015,8278960.652900003,1,10.0,N,"Investigation initiated, surface unit will be sent. ",
78,5485,Sweden,2021,21UTSLÄPP0041,55.9397222222222,12.7725,0.14,0.004,0.00056,Oil,0.002259,1.0,Unknown,1617235200000,1617282900000,1421828.1961999983,7546425.401500002,-,,N,,
79,5484,Sweden,2021,21UTSLÄPP0219,59.3322222222222,18.6794444444444,0.03,0.03,0.0009,Oil,0.000799,1.0,Unknown,1638576000000,1638625680000,2079386.2437999994,8252541.976300001,1,,N,,
80,5483,Sweden,2021,21UTSLÄPP0210,56.2675,17.5477777777778,0.285,0.01,0.00285,Oil,0.000781,1.0,Unknown,1636934400000,1636994520000,1953409.6867999993,7611852.6866,-,,N,,
81,5482,Sweden,2021,21UTSLÄPP0079,56.6805555555556,12.8586111111111,0.2,0.01,0.002,Oil,0.000542,1.0,Unknown,1621987200000,1622040480000,1431414.0412000008,7695105.347199999,2,,N,,
82,5481,Sweden,2021,21UTSLÄPP0046,59.3852777777778,18.1933333333333,0.2,0.06,0.012,Oil,0.00048,1.0,Unknown,1618444800000,1618476120000,2025272.6024000011,8264130.305100001,-,,N,,
83,5480,Sweden,2021,21UTSLÄPP0060,55.8555555555556,12.8416666666667,1.0,0.01,0.01,Oil,0.0004,1.0,Unknown,1620000000000,1620045720000,1429527.794300001,7529714.4256,-,,N,,
84,5479,Sweden,2021,21UTSLÄPP0040,59.6252777777778,19.025,0.44,0.04,0.0176,Oil,0.000282,1.0,Unknown,1617235200000,1617273420000,2117853.3123000003,8316778.519699998,-,,N,,
85,5478,Sweden,2021,21UTSLÄPP0059,57.6916666666667,11.6583333333333,0.24,0.02,0.0048,Oil,0.000238,1.0,Unknown,1620000000000,1620039780000,1297799.7300000004,7902823.336800002,-,,N,,
853,4710,Poland,2016,PL-01,55.1461,17.8871,0.35,0.2,0.05,Oil,0.02,1.0,Unknown,1456617600000,-2209124340000,1991182.8636999987,7390272.930399999,Unknown,,N,,
860,4703,Germany,2016,GE-07,54.434999999999995,14.11,1.9,0.3,0.342,Oil,0.201096,1.0,Unknown,1477353600000,-2209126860000,1570718.0150000006,7252974.355999999,7.2022222222,310.0,N,,
862,4701,Germany,2016,GE-05,54.54833333333333,13.76,0.3,0.2,0.054,Oil,0.00216,1.0,Unknown,1479427200000,-2209135560000,1531756.1933999993,7274695.697499998,12.861111111,210.0,N,,
864,4699,Germany,2016,GE-03,54.665,13.196666666666667,1.0,0.05,0.035,Oil,0.00231,1.0,Ship,1458259200000,-2209104240000,1469046.2135000005,7297119.025799997,6.6877777778,360.0,N,,
866,4697,Germany,2016,GE-01,54.66833333333333,12.605,6.2,1.3,5.642,Oil,0.22568,2.0,Unknown,1463702400000,-2209134420000,1403182.181499999,7297760.637699999,10.803333333,280.0,N,,
867,4696,Finland,2016,FI-54,60.4129,26.256033333333335,,,,Oil,0.1,1.0,Ship,1479081600000,-2209134600000,2922808.261,8492244.871399999,,,N,,
868,4695,Finland,2016,FI-48,64.53283333333333,24.22735,,,,Oil,0.3,2.0,Ship,1475712000000,-2209134000000,2696976.2654,9486379.8869,,,N,,
871,4692,Finland,2016,FI-41,60.297666666666665,22.3075,0.132,0.043,0.002,Oil,0.0004,1.0,Unknown,1472601600000,-2209113420000,2483259.5408000015,8466310.3697,,,N,,
872,4691,Finland,2016,FI-36,60.464333333333336,26.8865,0.519,0.098,0.016,Oil,0.0019,1.0,Unknown,1469750400000,-2209111980000,2992991.4893000014,8503850.156599998,,,N,,
873,4690,Finland,2016,FI-34,60.39,22.1255,0.138,0.043,0.002,Oil,0.0001,1.0,Unknown,1468195200000,-2209136100000,2462999.3935000002,8487083.677000001,,,N,,
874,4689,Finland,2016,FI-32,60.452666666666666,26.930833333333332,0.037,0.034,0.001258,Oil,0.0013,1.0,Unknown,1467763200000,-2209110180000,2997926.6532999985,8501216.108800001,,,N,,
878,4685,Finland,2016,FI-28,60.085166666666666,25.13083333333333,1.4,0.25,0.03,Oil,0.004,1.0,Unknown,1466899200000,-2209124100000,2797551.5698999986,8418723.767700002,,,N,,
879,4684,Finland,2016,FI-25,59.922333333333334,23.975833333333334,0.252,0.106,0.007,Oil,0.0056,1.0,Unknown,1466726400000,-2209122480000,2668977.5579999983,8382466.524300002,,,N,,
880,4683,Finland,2016,FI-22,60.016333333333336,25.51033333333333,0.095,0.014,0.001,Oil,0.0024,1.0,Ship,1465689600000,-2209122780000,2839797.3165999986,8403375.2245,,,N,,
883,4680,Finland,2016,FI-2,60.0105,22.860500000000002,,,,Oil,,1.0,Ship,1454112000000,-2209122000000,2544819.219300002,8402075.970200002,,,N,OIL ON ICE,
886,4677,Finland,2016,FI-12,61.12623333333333,21.43835,1.0,2.0,,Oil,,1.0,Unknown,1463184000000,-2209117200000,2386506.205499999,8654866.028099999,,,N,Amount so small that it could not be measured,
887,4676,Finland,2016,FI-11,61.1149,21.4469,,,,Oil,,1.0,Unknown,1462060800000,-2209110300000,2387457.9871999994,8652253.803999998,,,N,Amount so small that it could not be measured,
889,4674,Finland,2016,EE-05FIN,59.82566666666666,24.539166666666667,0.553,0.343,0.059,Oil,0.0023,1.0,Unknown,1466726400000,-2209125780000,2731687.537900001,8361026.3517,,,N,,
891,4672,Finland,2016,EE-03FIN,59.8067,24.5767,0.2,0.5,0.07,Oil,0.003,1.0,Unknown,1458518400000,-2209135260000,2735865.7293,8356826.945799999,,,N,,
893,4670,Finland,2016,EE-01FIN,59.8883,24.8867,3.2,0.5,0.467,Oil,0.019,1.0,Unknown,1457740800000,-2209101780000,2770374.7716000006,8374910.992700003,,,N,,
895,4668,Estonia,2016,EE-11,59.375,22.975,1.9,1.7,1.045,Oil,0.041,1.0,,1468195200000,-2209149180000,2557565.300900001,8261884.030199997,,,N,,
898,4665,Estonia,2016,EE-08,59.3783,22.51,1.3,1.1,0.317,Oil,0.013,1.0,,1465776000000,-2209126980000,2505801.7377000004,8262605.192500003,,,N,,
899,4664,Estonia,2016,EE-07,58.325,21.0933,3.0,0.2,0.48,Oil,0.019,1.0,,1464825600000,-2209139100000,2348095.415100001,8035902.020199999,,,N,,
900,4663,Estonia,2016,EE-06,59.46,24.71,0.7,0.4,0.11,Oil,0.159,2.0,,1462665600000,-2209135200000,2750704.6174999997,8280481.833999999,,,N,,
905,4658,Estonia,2016,EE-01,59.5567,24.8733,0.4,0.02,0.004,Oil,0.0002,1.0,,1455321600000,-2209116480000,2768883.090300001,8301696.5207,,,N,,
915,4648,Denmark,2016,,57.4174,11.0147,7.38,1.8,,Oil,0.3004,2.0,Unknown,1471046400000,-2209107600000,1226150.7952000014,7845914.500799999,240,10.0,N,,
916,4647,Denmark,2016,,55.1076,14.221,2.6,1.1,,Oil,0.654654,2.0,Unknown,1458086400000,-2209116420000,1583074.4785000011,7382777.145800002,64,7.0,N,,
92,5471,Sweden,2021,21UTSLÄPP0042,56.1594444444444,14.8872222222222,0.22,0.02,0.0044,Oil,0.000224,1.0,Unknown,1617235200000,1617284400000,1657237.9970999993,7590222.233800001,-,,N,,
93,5470,Sweden,2021,21UTSLÄPP0038,63.8091666666667,20.8702777777778,0.09,0.03,0.0027,Oil,0.000186,1.0,Ship,1617062400000,1617116400000,2323268.6948999986,9301468.791299999,-,,N,KARL ASTRID,
94,5469,Sweden,2021,21UTSLÄPP0039,63.6833333333333,20.3472222222222,0.15,0.01,0.0015,Oil,4.5e-05,1.0,Unknown,1617062400000,1617117660000,2265042.4169000015,9269801.986199997,-,,N,,
987,4576,Sweden,2015,SE-48,55.7,14.95,15.2,1.05,15.96,Oil,0.6607,2.0,Unknown,1435449600000,-2209161600000,1664226.3874000013,7498924.4777000025,,,,,
999,4564,Sweden,2015,SE-49,61.107,18.6527,1.64,0.46,0.754,Oil,0.296,2.0,Unknown,1435536000000,-2209101000000,2076409.0659000017,8650433.4841,,,,,
